{
  "gemini-2.0-flash-lite": {
    "requests_this_minute": 2,
    "tokens_this_minute": 400,
    "requests_today": 33,
    "last_minute_reset": 1757784243.4047067,
    "last_day_reset": 1757782843.3294268,
    "request_timestamps": [
      1757784244.2076151,
      1757784254.4815755
    ]
  },
  "gemini-2.5-flash-lite-preview-06-17": {
    "requests_this_minute": 0,
    "tokens_this_minute": 0,
    "requests_today": 0,
    "last_minute_reset": 1757782843.3294268,
    "last_day_reset": 1757782843.3294268,
    "request_timestamps": []
  },
  "gemini-2.5-flash": {
    "requests_this_minute": 0,
    "tokens_this_minute": 0,
    "requests_today": 0,
    "last_minute_reset": 1757782843.3294268,
    "last_day_reset": 1757782843.3294268,
    "request_timestamps": []
  }
}